Images=/home/reuben222/public_html/assets/Images
MainBG.jpg=/home/reuben222/public_html/assets/images/MainBG.jpg
Brinkley_Wedding_116 (1).JPG=/home/reuben222/public_html/assets/images/Brinkley_Wedding_116 (1).JPG
IronGram SS.png=/home/reuben222/public_html/assets/images/work/IronGram SS.png
old-AnonUpload SS.png=/home/reuben222/public_html/assets/images/work/old-AnonUpload SS.png
old-Rehearsal Finder SS.png=/home/reuben222/public_html/assets/images/work/old-Rehearsal Finder SS.png
old-IronGram SS.png=/home/reuben222/public_html/assets/images/work/old-IronGram SS.png
Rehearsal Finder SS.png=/home/reuben222/public_html/assets/images/work/Rehearsal Finder SS.png
AnonUpload SS.png=/home/reuben222/public_html/assets/images/work/AnonUpload SS.png
SpringCRUD SS.png=/home/reuben222/public_html/assets/images/work/SpringCRUD SS.png
Purchases SS.png=/home/reuben222/public_html/assets/images/work/Purchases SS.png
1.jpg=/home/reuben222/public_html/assets/images/work/1.jpg
6.jpg=/home/reuben222/public_html/assets/images/work/6.jpg
5.jpg=/home/reuben222/public_html/assets/images/work/5.jpg
4.jpg=/home/reuben222/public_html/assets/images/work/4.jpg
3.jpg=/home/reuben222/public_html/assets/images/work/3.jpg
2.jpg=/home/reuben222/public_html/assets/images/work/2.jpg
Screen Shot 2017-07-05 at 12.42.14 PM.png=/home/reuben222/public_html/assets/images/work/Screen Shot 2017-07-05 at 12.42.14 PM.png
Travel Brinkley.png=/home/reuben222/public_html/assets/images/work/Travel Brinkley.png
Travel Brinkley.png.1=/home/reuben222/public_html/assets/images/work/Travel Brinkley.png
Travel Brinkley.png.2=/home/reuben222/public_html/assets/images/work/Travel Brinkley.png
GlassesTie.png=/home/reuben222/public_html/assets/images/bg/GlassesTie.png
Paint.jpg=/home/reuben222/public_html/assets/images/bg/Paint.jpg
Rocket.png=/home/reuben222/public_html/assets/images/bg/Rocket.png
Emo SS.png=/home/reuben222/public_html/assets/images/work/Emo SS.png
Emo SS.png.1=/home/reuben222/public_html/assets/images/work/Emo SS.png
